{
  "feedback": [
    {
      "id": "1",
      "title": "First Post",
      "datetime": "APR 10, 2024 10:11:45 PM",
      "body": "Third Post Details This Post is About React.React"
    },
    {
      "id": "2",
      "title": "Second Post",
      "datetime": "July 10, 2024 10:11:45 PM",
      "body": "Post About AI"
    },
    {
      "id": 3,
      "title": "",
      "datetime": "December 11, 2025 3:07:39 PM",
      "body": ""
    },
    {
      "id": 4,
      "title": "",
      "datetime": "December 11, 2025 3:07:42 PM",
      "body": ""
    },
    {
      "id": 5,
      "title": "",
      "datetime": "December 11, 2025 3:07:43 PM",
      "body": ""
    },
    {
      "id": 6,
      "title": "Third Post",
      "datetime": "December 11, 2025 3:08:06 PM",
      "body": "Java is easiest Language"
    }
  ]
}